Nombre,Apellido,Correo,Edad
Aiden,Harcourt,aiden.harcourt@example.com,69
تارا,کوتی,tr.khwty@example.com,37
Lotta,Laurila,lotta.laurila@example.com,25
Shelly,Holland,shelly.holland@example.com,52
Regina,Admiraal,regina.admiraal@example.com,25
Ege,Biçer,ege.bicer@example.com,64
Deborah,Nichols,deborah.nichols@example.com,45
Tonya,Gordon,tonya.gordon@example.com,57
Alberte,Christensen,alberte.christensen@example.com,66
كيان,كامياران,kyn.kmyrn@example.com,66
Katrina,Crawford,katrina.crawford@example.com,37
سورنا,پارسا,swrn.prs@example.com,71
Simon,Sørensen,simon.sorensen@example.com,71
Mis,Souza,mis.souza@example.com,71
Monica,Beck,monica.beck@example.com,47
Ignacio,Aguilar,ignacio.aguilar@example.com,55
Nieves,Campos,nieves.campos@example.com,62
مهراد,مرادی,mhrd.mrdy@example.com,27
Maja,Poulsen,maja.poulsen@example.com,59
Graciela,Nogueira,graciela.nogueira@example.com,41
Isabella,Lo,isabella.lo@example.com,55
Melike,Sezek,melike.sezek@example.com,30
Katerina,Pelzer,katerina.pelzer@example.com,33
Guiomar,Fogaça,guiomar.fogaca@example.com,63
Barbara,Durand,barbara.durand@example.com,64
Queija,da Cruz,queija.dacruz@example.com,69
Clifford,Berry,clifford.berry@example.com,36
Christian,Marquez,christian.marquez@example.com,31
Erle,Pihl,erle.pihl@example.com,74
Macit,Durak,macit.durak@example.com,71
Okan,Erbay,okan.erbay@example.com,49
Dylan,White,dylan.white@example.com,74
Elena,Martin,elena.martin@example.com,31
Emmi,Perko,emmi.perko@example.com,24
Ante,Schöbel,ante.schobel@example.com,52
Matilda,Cooper,matilda.cooper@example.com,55
Tyrone,Anderson,tyrone.anderson@example.com,32
Marius,Sørensen,marius.sorensen@example.com,55
Andrea,Gimenez,andrea.gimenez@example.com,35
Brittany,Lawson,brittany.lawson@example.com,68
Eik,Birkedal,eik.birkedal@example.com,32
کیانا,قاسمی,khyn.qsmy@example.com,33
Paula,Marin,paula.marin@example.com,53
Gonca,Tahincioğlu,gonca.tahincioglu@example.com,55
Elliot,Bélanger,elliot.belanger@example.com,42
Patricia,Hidalgo,patricia.hidalgo@example.com,35
Niklas,Paavola,niklas.paavola@example.com,25
Johannes,Gautier,johannes.gautier@example.com,57
Eléa,Moreau,elea.moreau@example.com,66
Tristan,Lefevre,tristan.lefevre@example.com,49
Anita,Ross,anita.ross@example.com,71
Candice,Spencer,candice.spencer@example.com,27
Louane,Martin,louane.martin@example.com,59
Ezio,Dubois,ezio.dubois@example.com,70
Bianca,Lambert,bianca.lambert@example.com,38
Jorge,Arias,jorge.arias@example.com,76
Jabim,Cavalcanti,jabim.cavalcanti@example.com,74
Irene,Mendoza,irene.mendoza@example.com,64
Jessica,Rodriguez,jessica.rodriguez@example.com,26
آدرینا,کوتی,adryn.khwty@example.com,62
Mellany,Duijzer,mellany.duijzer@example.com,49
Theodor,Mühlbauer,theodor.muhlbauer@example.com,55
Patricia,Esteban,patricia.esteban@example.com,76
Ella,Kennedy,ella.kennedy@example.com,31
Firmina,Freitas,firmina.freitas@example.com,71
Tomas,Münz,tomas.munz@example.com,65
Caroline,Sørensen,caroline.sorensen@example.com,38
Fatma,Akan,fatma.akan@example.com,27
Hashim,Bloemendal,hashim.bloemendal@example.com,74
Rémi,Denis,remi.denis@example.com,45
Noe,Morel,noe.morel@example.com,51
Jade,Margaret,jade.margaret@example.com,72
Lucie,Pfaff,lucie.pfaff@example.com,59
Dagobert,Geisler,dagobert.geisler@example.com,71
Lewis,Montgomery,lewis.montgomery@example.com,44
Amparo,Campos,amparo.campos@example.com,73
Helena,Indahl,helena.indahl@example.com,57
Emil,Poulsen,emil.poulsen@example.com,48
Brennan,Terry,brennan.terry@example.com,62
Alisa,Girard,alisa.girard@example.com,58
Eneias,Martins,eneias.martins@example.com,31
Sergio,Neal,sergio.neal@example.com,35
Iina,Karvonen,iina.karvonen@example.com,48
Saladino,Nascimento,saladino.nascimento@example.com,74
آرش,حسینی,arsh.hsyny@example.com,23
Vincent,Turner,vincent.turner@example.com,63
Babür,Koç,babur.koc@example.com,48
Oliver,Pedersen,oliver.pedersen@example.com,64
Dila,Van de Giessen,dila.vandegiessen@example.com,26
Emma,Christensen,emma.christensen@example.com,64
Evan,Holland,evan.holland@example.com,72
Maya,Lambert,maya.lambert@example.com,37
Ceyhan,Karaer,ceyhan.karaer@example.com,62
Theodoor,Achterkamp,theodoor.achterkamp@example.com,30
Ryan,Colin,ryan.colin@example.com,58
Arnaud,Walker,arnaud.walker@example.com,26
Nathan,Fletcher,nathan.fletcher@example.com,70
Teresa,Carpenter,teresa.carpenter@example.com,28
